{"path": "/home/eaibot/dashgo_ws/src/dashgo/dashgo_nav/maps/AO2.pgm", "id": "2020-04-14_04:34:10", "name": "AO2", "isUsed": false}
{"path": "/home/eaibot/dashgo_ws/src/dashgo/dashgo_nav/maps/map1.pgm", "id": "2020-04-15_18:55:27", "name": "map1", "isUsed": false}
{"path": "/home/eaibot/dashgo_ws/src/dashgo/dashgo_nav/maps/0513test1.pgm", "id": "2020-05-13_18:30:56", "name": "0513test1", "isUsed": false}
{"path": "/home/eaibot/dashgo_ws/src/dashgo/dashgo_nav/maps/0514test1.pgm", "isUsed": false, "id": "2020-05-14_19:03:45", "name": "0514test1"}
{"path": "/home/eaibot/dashgo_ws/src/dashgo/dashgo_nav/maps/0515test5.pgm", "id": "2020-05-15_16:32:05", "name": "0515test5", "isUsed": false}
{"path": "/home/eaibot/dashgo_ws/src/dashgo/dashgo_nav/maps/hj.pgm", "isUsed": false, "id": "2020-06-13_22:25:34", "name": "hj"}
{"path": "/home/eaibot/dashgo_ws/src/dashgo/dashgo_nav/maps/13_03.pgm", "isUsed": false, "id": "2020-06-13_23:09:24", "name": "13_03"}
{"path": "/home/eaibot/dashgo_ws/src/dashgo/dashgo_nav/maps/03_02.pgm", "id": "2020-06-15_16:10:46", "name": "03_02", "isUsed": false}
{"path": "/home/eaibot/dashgo_ws/src/dashgo/dashgo_nav/maps/0622test1.pgm", "isUsed": true, "id": "2020-06-23_05:06:45", "name": "0622test1"}
